"Voltaje","contrast","estimate","SE","df","t.ratio","p.value","Channel","Concentration","Variable","sig"
-90,"Control - Veneno",-0.0161167286484938,0.72471257610173,475.3079031904,-0.0222387870446331,0.982266810380269,"BgNav1","1","Corriente",""
-85,"Control - Veneno",-0.0124048025373206,0.58072878470505,475.3079031904,-0.0213607502573184,0.982966847259113,"BgNav1","1","Corriente",""
-80,"Control - Veneno",-0.0184948695730009,0.593987979647166,475.3079031904,-0.031136774154903,0.975173532306665,"BgNav1","1","Corriente",""
-75,"Control - Veneno",-0.017028201230984,0.578226396051163,475.3079031904,-0.0294490209151181,0.9765188375848,"BgNav1","1","Corriente",""
-70,"Control - Veneno",0.00480208345303181,0.584238467572543,475.3079031904,0.00821938937534194,0.993445398575211,"BgNav1","1","Corriente",""
-65,"Control - Veneno",0.00320336500642248,0.578497656709361,475.3079031904,0.00553738631309938,0.9955841508147,"BgNav1","1","Corriente",""
-60,"Control - Veneno",-0.09441248841565,0.581466765504009,475.3079031904,-0.162369535142416,0.871083863135094,"BgNav1","1","Corriente",""
-55,"Control - Veneno",-0.285164220240013,0.580568683504588,475.3079031904,-0.491180851365641,0.623525255750371,"BgNav1","1","Corriente",""
-50,"Control - Veneno",-0.443214136493714,0.579652117143013,475.3079031904,-0.764620922421927,0.444876747167477,"BgNav1","1","Corriente",""
-45,"Control - Veneno",-0.41742793667977,0.581911439209322,475.3079031904,-0.717339286622299,0.473517146916651,"BgNav1","1","Corriente",""
-40,"Control - Veneno",-0.181080572965776,0.578735183980985,475.3079031904,-0.312890209508544,0.754501315092176,"BgNav1","1","Corriente",""
-35,"Control - Veneno",0.137705995731715,0.582325231453231,475.3079031904,0.236476093244423,0.813165129616527,"BgNav1","1","Corriente",""
-30,"Control - Veneno",0.379274358852955,0.578774119717106,475.3079031904,0.655306355160347,0.512587557518153,"BgNav1","1","Corriente",""
-25,"Control - Veneno",0.486536041122853,0.581853202449456,475.3079031904,0.836183489365803,0.403471852817668,"BgNav1","1","Corriente",""
-20,"Control - Veneno",0.512378558502272,0.579591100960405,475.3079031904,0.884034550656904,0.377124504256238,"BgNav1","1","Corriente",""
-15,"Control - Veneno",0.526817031195589,0.580786652429935,475.3079031904,0.907074962882594,0.364826783849626,"BgNav1","1","Corriente",""
-10,"Control - Veneno",0.551619705589506,0.580786652420558,475.3079031904,0.949780273514392,0.342706583592822,"BgNav1","1","Corriente",""
-5,"Control - Veneno",0.5782764629914,0.579591100958667,475.3079031904,0.997731783726332,0.318917095820855,"BgNav1","1","Corriente",""
0,"Control - Veneno",0.607436642915194,0.581853202443736,475.3079031904,1.04396889174797,0.297030440583784,"BgNav1","1","Corriente",""
5,"Control - Veneno",0.644702035293414,0.578774119717812,475.3079031904,1.11390957772567,0.265880942873086,"BgNav1","1","Corriente",""
10,"Control - Veneno",0.673956614197145,0.582325231460506,475.3079031904,1.15735430612687,0.247708909661345,"BgNav1","1","Corriente",""
15,"Control - Veneno",0.663038667410153,0.578735183981673,475.3079031904,1.14566849530121,0.252508837085147,"BgNav1","1","Corriente",""
20,"Control - Veneno",0.597963780974973,0.581911439215358,475.3079031904,1.02758554081917,0.304667473183352,"BgNav1","1","Corriente",""
25,"Control - Veneno",0.494418925996109,0.579652117135647,475.3079031904,0.852958026685527,0.394112191351494,"BgNav1","1","Corriente",""
30,"Control - Veneno",0.371976531736613,0.580568683504372,475.3079031904,0.640710638216524,0.522019474042268,"BgNav1","1","Corriente",""
35,"Control - Veneno",0.23353586086133,0.581466765494733,475.3079031904,0.401632345509255,0.688135140551722,"BgNav1","1","Corriente",""
40,"Control - Veneno",0.0798691200274099,0.578497656711926,475.3079031904,0.13806299662711,0.890249099318108,"BgNav1","1","Corriente",""
45,"Control - Veneno",-0.0688430345022051,0.584238467580743,475.3079031904,-0.117833792744383,0.906249130795847,"BgNav1","1","Corriente",""
50,"Control - Veneno",-0.183023168635649,0.578226396052006,475.3079031904,-0.31652510138812,0.751742939172048,"BgNav1","1","Corriente",""
55,"Control - Veneno",-0.253056522722415,0.59398797965257,475.3079031904,-0.426029703278558,0.670279058335295,"BgNav1","1","Corriente",""
60,"Control - Veneno",-0.295738535216679,0.580728784698514,475.3079031904,-0.509254135508734,0.610810434922875,"BgNav1","1","Corriente",""
65,"Control - Veneno",-0.331170917185009,0.724712576100266,475.3079031904,-0.456968635713574,0.647902361221553,"BgNav1","1","Corriente",""
-90,"Control - Veneno",0.00195929702111951,0.0760226653121097,274.802411000833,0.0257725378750621,0.979457471368431,"BgNav1","1","Var1",""
-85,"Control - Veneno",0.00194765015764093,0.0604060743733841,274.802411000833,0.0322426209258699,0.974301972686856,"BgNav1","1","Var1",""
-80,"Control - Veneno",0.00337107486726238,0.0596838674931694,274.802411000833,0.0564821786665918,0.954998737444425,"BgNav1","1","Var1",""
-75,"Control - Veneno",-0.000229842360845093,0.0588768083972857,274.802411000833,-0.00390378431001516,0.996888071052732,"BgNav1","1","Var1",""
-70,"Control - Veneno",-0.000393673023644836,0.0590389278009745,274.802411000833,-0.00666802461203129,0.99468456355902,"BgNav1","1","Var1",""
-65,"Control - Veneno",-0.00210308570855926,0.0591745103599262,274.802411000833,-0.0355403989955698,0.971674635191898,"BgNav1","1","Var1",""
-60,"Control - Veneno",-0.00160028126672487,0.0589942695687938,274.802411000833,-0.0271260459434753,0.978378888991967,"BgNav1","1","Var1",""
-55,"Control - Veneno",0.0243657752246707,0.0588668293653227,274.802411000833,0.413913497420741,0.679260319409342,"BgNav1","1","Var1",""
-50,"Control - Veneno",0.0620470799609609,0.0590081710912817,274.802411000833,1.05149979762935,0.293952860167592,"BgNav1","1","Var1",""
-45,"Control - Veneno",0.0921363976700817,0.0591350144788436,274.802411000833,1.55806840468509,0.120367916686188,"BgNav1","1","Var1",""
-40,"Control - Veneno",0.098696228965138,0.0590081710912776,274.802411000833,1.67258579854082,0.0955469203800721,"BgNav1","1","Var1",""
-35,"Control - Veneno",0.0577695217404112,0.0588668293653251,274.802411000833,0.981359491639951,0.327278681934599,"BgNav1","1","Var1",""
-30,"Control - Veneno",0.00750286676337807,0.0589942695687942,274.802411000833,0.127179585716013,0.898891272978214,"BgNav1","1","Var1",""
-25,"Control - Veneno",-0.00973295213785226,0.0591745103599238,274.802411000833,-0.164478794647432,0.869475155330465,"BgNav1","1","Var1",""
-20,"Control - Veneno",-0.018109337081476,0.0590389278009766,274.802411000833,-0.30673553460394,0.759276970482938,"BgNav1","1","Var1",""
-15,"Control - Veneno",-0.0278305405567294,0.0588768083972837,274.802411000833,-0.472691052968377,0.63680880854985,"BgNav1","1","Var1",""
-10,"Control - Veneno",-0.0356619135877476,0.0596838674931668,274.802411000833,-0.597513450210487,0.550656667204727,"BgNav1","1","Var1",""
-5,"Control - Veneno",-0.0515951465641867,0.0604060743733931,274.802411000833,-0.854138380939263,0.39377228086434,"BgNav1","1","Var1",""
0,"Control - Veneno",-0.0676709941524316,0.0760226653121144,274.802411000833,-0.890142352607678,0.374168068303495,"BgNav1","1","Var1",""
-90,"Control - Veneno",-0.00450619720621147,0.0411918004726951,270.269084639671,-0.109395490231084,0.912969990261592,"BgNav1","1","Var2",""
-85,"Control - Veneno",-0.00120874185755229,0.0357647612458829,270.269084639671,-0.0337970061995432,0.973063969679147,"BgNav1","1","Var2",""
-80,"Control - Veneno",0.00274172429764372,0.0350585753099956,270.269084639671,0.0782040990941814,0.937723568339686,"BgNav1","1","Var2",""
-75,"Control - Veneno",0.00312980171531148,0.0347746535226133,270.269084639671,0.0900023838706611,0.928351982655655,"BgNav1","1","Var2",""
-70,"Control - Veneno",0.00416518974260406,0.034955332599377,270.269084639671,0.119157491371668,0.905239103539333,"BgNav1","1","Var2",""
-65,"Control - Veneno",0.000647369420687931,0.0350490467089064,270.269084639671,0.0184703859726783,0.985277230095953,"BgNav1","1","Var2",""
-60,"Control - Veneno",-0.00684509362595737,0.0349278195413972,270.269084639671,-0.195978269351868,0.844774443921085,"BgNav1","1","Var2",""
-55,"Control - Veneno",0.00262756013081689,0.0348412368007981,270.269084639671,0.0754152370032027,0.939940127880211,"BgNav1","1","Var2",""
-50,"Control - Veneno",0.0145932834448431,0.0349369898554475,270.269084639671,0.417702941931264,0.676495967645419,"BgNav1","1","Var2",""
-45,"Control - Veneno",0.00289068452834107,0.0350230914386142,270.269084639671,0.082536532601859,0.934281162304555,"BgNav1","1","Var2",""
-40,"Control - Veneno",-0.00201534674585808,0.034936989855445,270.269084639671,-0.0576851856498446,0.954042019330787,"BgNav1","1","Var2",""
-35,"Control - Veneno",0.02411661951331,0.0348412368007995,270.269084639671,0.692186091188261,0.48941472027951,"BgNav1","1","Var2",""
-30,"Control - Veneno",0.0513347898269024,0.0349278195413975,270.269084639671,1.46973932243491,0.142795469932963,"BgNav1","1","Var2",""
-25,"Control - Veneno",0.0595276456631846,0.0350490467089048,270.269084639671,1.69840983572488,0.0905813002268512,"BgNav1","1","Var2",""
-20,"Control - Veneno",0.0569369388688826,0.0349553325993786,270.269084639671,1.62884843698769,0.104510122470002,"BgNav1","1","Var2",""
-15,"Control - Veneno",0.0500086059152853,0.0347746535226119,270.269084639671,1.43807632426209,0.151569282431909,"BgNav1","1","Var2",""
-10,"Control - Veneno",0.0435754173335118,0.0350585753099934,270.269084639671,1.24293177769522,0.214970185532349,"BgNav1","1","Var2",""
-5,"Control - Veneno",0.038935682995528,0.0357647612458889,270.269084639671,1.0886605037802,0.277273426082483,"BgNav1","1","Var2",""
0,"Control - Veneno",0.0321197138379459,0.0411918004726972,270.269084639671,0.779759890787865,0.436214518003885,"BgNav1","1","Var2",""
-90,"Control - Veneno",0.0104867429982562,0.659599805835901,540.5614458711,0.0158986447622836,0.987321117287256,"BgNav1","2","Corriente",""
-85,"Control - Veneno",0.00452730344978759,0.517944392386582,540.5614458711,0.00874090639137283,0.993029079385298,"BgNav1","2","Corriente",""
-80,"Control - Veneno",0.0210773606165957,0.518661541340815,540.5614458711,0.0406379863101236,0.967599505060435,"BgNav1","2","Corriente",""
-75,"Control - Veneno",0.0450439450334356,0.510471464496605,540.5614458711,0.0882398883507722,0.929718694203591,"BgNav1","2","Corriente",""
-70,"Control - Veneno",0.0296982520756731,0.512270238752515,540.5614458711,0.0579737994305399,0.953790922080521,"BgNav1","2","Corriente",""
-65,"Control - Veneno",-0.0467767409919239,0.507829927966035,540.5614458711,-0.0921110364236991,0.926643944902109,"BgNav1","2","Corriente",""
-60,"Control - Veneno",-0.139566766662798,0.509315414125344,540.5614458711,-0.274028161708945,0.784167659655753,"BgNav1","2","Corriente",""
-55,"Control - Veneno",-0.163082141992163,0.508834056575957,540.5614458711,-0.320501625008308,0.748711954497415,"BgNav1","2","Corriente",""
-50,"Control - Veneno",-0.0597438624353802,0.508238654753191,540.5614458711,-0.117550803892303,0.906467250875513,"BgNav1","2","Corriente",""
-45,"Control - Veneno",0.158417047515593,0.509623467457332,540.5614458711,0.310851162930122,0.756033600010051,"BgNav1","2","Corriente",""
-40,"Control - Veneno",0.430042407490938,0.507695689203495,540.5614458711,0.847047585071316,0.397343449857538,"BgNav1","2","Corriente",""
-35,"Control - Veneno",0.694218368091951,0.509860113101534,540.5614458711,1.36158595319204,0.17389580407846,"BgNav1","2","Corriente",""
-30,"Control - Veneno",0.917472009138322,0.507725097457666,540.5614458711,1.8070251278347,0.0713142327478333,"BgNav1","2","Corriente",""
-25,"Control - Veneno",1.08538937777385,0.509573240330992,540.5614458711,2.12999681276206,0.0336228700753213,"BgNav1","2","Corriente","*"
-20,"Control - Veneno",1.18746516179338,0.508216556672104,540.5614458711,2.33653379883788,0.0198278486038547,"BgNav1","2","Corriente","*"
-15,"Control - Veneno",1.21918447781009,0.50893310906311,540.5614458711,2.39556919386612,0.016933717648569,"BgNav1","2","Corriente","*"
-10,"Control - Veneno",1.19253838545866,0.508933109057325,540.5614458711,2.34321242661447,0.0194800405675563,"BgNav1","2","Corriente","*"
-5,"Control - Veneno",1.13336585845056,0.508216556671027,540.5614458711,2.23008448578388,0.0261516341077384,"BgNav1","2","Corriente","*"
0,"Control - Veneno",1.06396457564285,0.509573240327461,540.5614458711,2.08795221460046,0.0372696473356303,"BgNav1","2","Corriente","*"
5,"Control - Veneno",0.990232973924903,0.507725097458107,540.5614458711,1.95033292402215,0.0516529068331953,"BgNav1","2","Corriente",""
10,"Control - Veneno",0.906263813396589,0.509860113106037,540.5614458711,1.7774754096289,0.0760522118052881,"BgNav1","2","Corriente",""
15,"Control - Veneno",0.807465144107063,0.507695689203925,540.5614458711,1.59045105419977,0.112317796098784,"BgNav1","2","Corriente",""
20,"Control - Veneno",0.695846784082931,0.509623467461053,540.5614458711,1.36541354257025,0.172691027323735,"BgNav1","2","Corriente",""
25,"Control - Veneno",0.574864255523,0.508238654748631,540.5614458711,1.13109117173963,0.258518278355923,"BgNav1","2","Corriente",""
30,"Control - Veneno",0.444923458403943,0.508834056575809,540.5614458711,0.874397954802886,0.382289879429844,"BgNav1","2","Corriente",""
35,"Control - Veneno",0.306943472497418,0.509315414119614,540.5614458711,0.602658910349278,0.546988353772964,"BgNav1","2","Corriente",""
40,"Control - Veneno",0.168306364549219,0.507829927967652,540.5614458711,0.331422697403411,0.740453667540921,"BgNav1","2","Corriente",""
45,"Control - Veneno",0.0418679596492718,0.512270238757559,540.5614458711,0.0817302206562238,0.93489149836721,"BgNav1","2","Corriente",""
50,"Control - Veneno",-0.0620054004624472,0.510471464497106,540.5614458711,-0.121466927683279,0.90336634722363,"BgNav1","2","Corriente",""
55,"Control - Veneno",-0.141886162129762,0.518661541344134,540.5614458711,-0.273562141819996,0.784525621300335,"BgNav1","2","Corriente",""
60,"Control - Veneno",-0.204471501900514,0.517944392382673,540.5614458711,-0.394775008490573,0.693164654839722,"BgNav1","2","Corriente",""
65,"Control - Veneno",-0.259114222422818,0.659599805835049,540.5614458711,-0.392835504393124,0.69459584268301,"BgNav1","2","Corriente",""
-90,"Control - Veneno",-0.000764311178169744,0.0867543930705204,279.231708089167,-0.00881005734831728,0.992976973135304,"BgNav1","2","Var1",""
-85,"Control - Veneno",0.00058129457606558,0.0653539947567829,279.231708089167,0.0088945530908843,0.992909618268442,"BgNav1","2","Var1",""
-80,"Control - Veneno",0.0022293333770331,0.0644383331408711,279.231708089167,0.0345963849213708,0.972426302010952,"BgNav1","2","Var1",""
-75,"Control - Veneno",0.00385146403090672,0.0639587504698192,279.231708089167,0.0602179373833162,0.952025135139003,"BgNav1","2","Var1",""
-70,"Control - Veneno",0.0038850630784114,0.0636108563768124,279.231708089167,0.06107547201373,0.951342794309389,"BgNav1","2","Var1",""
-65,"Control - Veneno",0.00108826804843617,0.063533372491302,279.231708089167,0.0171290772984726,0.986345874550832,"BgNav1","2","Var1",""
-60,"Control - Veneno",-0.00355837013681055,0.0634364863436214,279.231708089167,-0.0560934304831394,0.95530749296091,"BgNav1","2","Var1",""
-55,"Control - Veneno",-0.00474372505736293,0.0633780174626418,279.231708089167,-0.0748481137037636,0.940389153171942,"BgNav1","2","Var1",""
-50,"Control - Veneno",0.00691554810565702,0.0634422255974154,279.231708089167,0.109005446144669,0.913276462500725,"BgNav1","2","Var1",""
-45,"Control - Veneno",0.0334676644084233,0.0635001684640445,279.231708089167,0.5270484349561,0.598578415263544,"BgNav1","2","Var1",""
-40,"Control - Veneno",0.0596691314466009,0.0634422255974131,279.231708089167,0.94052708404722,0.347760177822069,"BgNav1","2","Var1",""
-35,"Control - Veneno",0.0664827701721633,0.0633780174626429,279.231708089167,1.04898784837109,0.295090776093574,"BgNav1","2","Var1",""
-30,"Control - Veneno",0.0505184973826569,0.0634364863436218,279.231708089167,0.796363422605235,0.426497366788627,"BgNav1","2","Var1",""
-25,"Control - Veneno",0.0220780224457798,0.0635333724913009,279.231708089167,0.347502762407312,0.728475430753661,"BgNav1","2","Var1",""
-20,"Control - Veneno",-0.00740764982805277,0.063610856376813,279.231708089167,-0.116452603375938,0.907377556561324,"BgNav1","2","Var1",""
-15,"Control - Veneno",-0.0318050052450733,0.063958750469818,279.231708089167,-0.497273711750857,0.619387372556765,"BgNav1","2","Var1",""
-10,"Control - Veneno",-0.0507499663054683,0.0644383331408693,279.231708089167,-0.787574163262779,0.431613838861883,"BgNav1","2","Var1",""
-5,"Control - Veneno",-0.0659210314248082,0.0653539947567861,279.231708089167,-1.00867638879815,0.314003116012711,"BgNav1","2","Var1",""
0,"Control - Veneno",-0.0787408581366899,0.0867543930705228,279.231708089167,-0.907629635224136,0.364856554311903,"BgNav1","2","Var1",""
-90,"Control - Veneno",-0.0357280429359236,0.0236609964387454,267.263610622849,-1.50999739290008,0.132225419055689,"BgNav1","2","Var2",""
-85,"Control - Veneno",-0.0252454874710542,0.0212915909943562,267.263610622849,-1.18570225577535,0.236793002238713,"BgNav1","2","Var2",""
-80,"Control - Veneno",-0.0172636102569403,0.0204663911303196,267.263610622849,-0.84351022840394,0.399697458200494,"BgNav1","2","Var2",""
-75,"Control - Veneno",-0.0109053068255531,0.020319096362841,267.263610622849,-0.536702352841653,0.591919704525649,"BgNav1","2","Var2",""
-70,"Control - Veneno",-0.00615592154249378,0.0205184177498572,267.263610622849,-0.300019310335789,0.764395641042529,"BgNav1","2","Var2",""
-65,"Control - Veneno",-0.000596417811784281,0.0206236963416883,267.263610622849,-0.0289190551442854,0.9769507306601,"BgNav1","2","Var2",""
-60,"Control - Veneno",0.00302386973565386,0.0204932466492067,267.263610622849,0.147554449883661,0.88280565820279,"BgNav1","2","Var2",""
-55,"Control - Veneno",0.00129622363770683,0.0203979279879473,267.263610622849,0.0635468287991184,0.94937857158567,"BgNav1","2","Var2",""
-50,"Control - Veneno",-0.00190193672270874,0.0205017027071351,267.263610622849,-0.0927696957602857,0.926156027895173,"BgNav1","2","Var2",""
-45,"Control - Veneno",-0.0199712995277937,0.020595337019261,267.263610622849,-0.969700059247215,0.333072749109683,"BgNav1","2","Var2",""
-40,"Control - Veneno",-0.0619192661114904,0.0205017027071326,267.263610622849,-3.02020115089994,0.00277060964747984,"BgNav1","2","Var2","**"
-35,"Control - Veneno",-0.0961305752622668,0.0203979279879489,267.263610622849,-4.71276177262027,3.93593210752757e-06,"BgNav1","2","Var2","***"
-30,"Control - Veneno",-0.101950067542115,0.0204932466492066,267.263610622849,-4.97481288774039,1.17048257981109e-06,"BgNav1","2","Var2","***"
-25,"Control - Veneno",-0.0957491756287976,0.0206236963416867,267.263610622849,-4.64267772577992,5.39727564131489e-06,"BgNav1","2","Var2","***"
-20,"Control - Veneno",-0.0871152448655412,0.0205184177498591,267.263610622849,-4.24570968032558,3.00960241613322e-05,"BgNav1","2","Var2","***"
-15,"Control - Veneno",-0.076318253629431,0.02031909636284,267.263610622849,-3.75598659835106,0.000211942803503992,"BgNav1","2","Var2","***"
-10,"Control - Veneno",-0.06759673906681,0.0204663911303174,267.263610622849,-3.30281673189941,0.00108773128373733,"BgNav1","2","Var2","**"
-5,"Control - Veneno",-0.0595283854698844,0.0212915909943615,267.263610622849,-2.79586365742461,0.00555166701484049,"BgNav1","2","Var2","**"
0,"Control - Veneno",-0.0493728422335506,0.0236609964387467,267.263610622849,-2.08667637313443,0.0378651843398383,"BgNav1","2","Var2","*"
-90,"Control - Veneno",0.112720583258793,0.430602903733925,169.885915258943,0.261773857726803,0.793812908644558,"Nav1.2","1","Corriente",""
-85,"Control - Veneno",0.138193170788202,0.38356036043554,169.885915258943,0.360290543661189,0.719077414674225,"Nav1.2","1","Corriente",""
-80,"Control - Veneno",0.149641007067458,0.379150798842707,169.885915258943,0.394674117855513,0.693578448558141,"Nav1.2","1","Corriente",""
-75,"Control - Veneno",0.138651568772298,0.377916971884096,169.885915258943,0.366883678393838,0.714162357385713,"Nav1.2","1","Corriente",""
-70,"Control - Veneno",0.108238932296684,0.378139936914815,169.885915258943,0.286240414540154,0.775042746493801,"Nav1.2","1","Corriente",""
-65,"Control - Veneno",0.0703923363893068,0.376915702146487,169.885915258943,0.18675883224931,0.852072564170315,"Nav1.2","1","Corriente",""
-60,"Control - Veneno",0.037656544979415,0.376922015374461,169.885915258943,0.0999054007020639,0.920537225429969,"Nav1.2","1","Corriente",""
-55,"Control - Veneno",0.0139626643621489,0.376769034671301,169.885915258943,0.0370589487916122,0.970481513868259,"Nav1.2","1","Corriente",""
-50,"Control - Veneno",-0.0100089843695574,0.376648382166012,169.885915258943,-0.0265738148455549,0.978830848054936,"Nav1.2","1","Corriente",""
-45,"Control - Veneno",-0.0506642693295361,0.376904029556579,169.885915258943,-0.134422201293899,0.893227845603782,"Nav1.2","1","Corriente",""
-40,"Control - Veneno",-0.113956009841106,0.376551310143318,169.885915258943,-0.302630761788436,0.762541489327603,"Nav1.2","1","Corriente",""
-35,"Control - Veneno",-0.179906148966268,0.376943962402246,169.885915258943,-0.477275581812572,0.63377932315059,"Nav1.2","1","Corriente",""
-30,"Control - Veneno",-0.208780041198566,0.376555594642041,169.885915258943,-0.55444679130856,0.58000227082956,"Nav1.2","1","Corriente",""
-25,"Control - Veneno",-0.171134150873857,0.376890975122978,169.885915258943,-0.45406805195592,0.650359411811058,"Nav1.2","1","Corriente",""
-20,"Control - Veneno",-0.0761135878223191,0.376644763105984,169.885915258943,-0.202083223445487,0.84009345212762,"Nav1.2","1","Corriente",""
-15,"Control - Veneno",0.0319068309605262,0.376774722838645,169.885915258943,0.0846841070444909,0.932612243260741,"Nav1.2","1","Corriente",""
-10,"Control - Veneno",0.107554322526451,0.376774722837576,169.885915258943,0.285460557747705,0.77563905699305,"Nav1.2","1","Corriente",""
-5,"Control - Veneno",0.135897572613297,0.376644763105785,169.885915258943,0.36081099732463,0.718688996742443,"Nav1.2","1","Corriente",""
0,"Control - Veneno",0.132019381386308,0.376890975122325,169.885915258943,0.350285334753531,0.726558490253817,"Nav1.2","1","Corriente",""
5,"Control - Veneno",0.116483314799353,0.376555594642122,169.885915258943,0.309338956735084,0.757442770355915,"Nav1.2","1","Corriente",""
10,"Control - Veneno",0.0981867482266112,0.376943962403078,169.885915258943,0.260481021106307,0.794808207902083,"Nav1.2","1","Corriente",""
15,"Control - Veneno",0.0796847394349102,0.376551310143398,169.885915258943,0.211617214675378,0.832659332614558,"Nav1.2","1","Corriente",""
20,"Control - Veneno",0.0689165655607393,0.376904029557269,169.885915258943,0.18284910787951,0.855134441689803,"Nav1.2","1","Corriente",""
25,"Control - Veneno",0.0768406416784073,0.376648382165169,169.885915258943,0.204011606890989,0.838588612943674,"Nav1.2","1","Corriente",""
30,"Control - Veneno",0.104526988483217,0.376769034671272,169.885915258943,0.27742988107931,0.781787346018221,"Nav1.2","1","Corriente",""
35,"Control - Veneno",0.139248596090736,0.376922015373398,169.885915258943,0.369436091316633,0.71226277624338,"Nav1.2","1","Corriente",""
40,"Control - Veneno",0.165688637171611,0.376915702146791,169.885915258943,0.439590699532818,0.660792253740851,"Nav1.2","1","Corriente",""
45,"Control - Veneno",0.177389757170327,0.378139936915749,169.885915258943,0.469111405204075,0.639591469366515,"Nav1.2","1","Corriente",""
50,"Control - Veneno",0.175353294747719,0.377916971884195,169.885915258943,0.463999523158363,0.643242086750639,"Nav1.2","1","Corriente",""
55,"Control - Veneno",0.160207972322805,0.379150798843321,169.885915258943,0.422544203550547,0.673162158494824,"Nav1.2","1","Corriente",""
60,"Control - Veneno",0.131548045593101,0.383560360434819,169.885915258943,0.342965695005534,0.732048276608974,"Nav1.2","1","Corriente",""
65,"Control - Veneno",0.0936298475410579,0.430602903733757,169.885915258943,0.21743895995404,0.828127201139146,"Nav1.2","1","Corriente",""
-90,"Control - Veneno",-0.0395135026570922,0.484008284205981,167.416437867495,-0.0816380709721001,0.935032043908242,"Nav1.2","2","Corriente",""
-85,"Control - Veneno",-0.0368198129499364,0.418625066672503,167.416437867495,-0.0879541524892515,0.9300182337848,"Nav1.2","2","Corriente",""
-80,"Control - Veneno",-0.0256294767574549,0.418625294367382,167.416437867495,-0.061222953085493,0.951254676435761,"Nav1.2","2","Corriente",""
-75,"Control - Veneno",-0.00466503509263655,0.415167483748899,167.416437867495,-0.0112365136366461,0.991048126617045,"Nav1.2","2","Corriente",""
-70,"Control - Veneno",0.0244454751690834,0.415911822447806,167.416437867495,0.0587756198542569,0.953200924382963,"Nav1.2","2","Corriente",""
-65,"Control - Veneno",0.0607182523269228,0.413991055616603,167.416437867495,0.146665613914021,0.883572422904429,"Nav1.2","2","Corriente",""
-60,"Control - Veneno",0.0877794563456183,0.414604589079635,167.416437867495,0.211718487102317,0.83258418574392,"Nav1.2","2","Corriente",""
-55,"Control - Veneno",0.062377596814555,0.414398594086021,167.416437867495,0.150525599518821,0.880531160549469,"Nav1.2","2","Corriente",""
-50,"Control - Veneno",-0.0501860785400273,0.41414575389532,167.416437867495,-0.121179749081074,0.903693983425473,"Nav1.2","2","Corriente",""
-45,"Control - Veneno",-0.211614670672097,0.414733547489859,167.416437867495,-0.510242472432908,0.610553659868611,"Nav1.2","2","Corriente",""
-40,"Control - Veneno",-0.300759599307711,0.413915638354968,167.416437867495,-0.72662052707896,0.46847317932868,"Nav1.2","2","Corriente",""
-35,"Control - Veneno",-0.202489563217824,0.414833702912321,167.416437867495,-0.488122256692876,0.626101931391432,"Nav1.2","2","Corriente",""
-30,"Control - Veneno",0.0808571476180088,0.413928087568401,167.416437867495,0.195341050888815,0.845362836033134,"Nav1.2","2","Corriente",""
-25,"Control - Veneno",0.419088266595801,0.41471188061825,167.416437867495,1.01055283482843,0.313688794526556,"Nav1.2","2","Corriente",""
-20,"Control - Veneno",0.664731756815772,0.414136396927181,167.416437867495,1.60510344357068,0.110355723482435,"Nav1.2","2","Corriente",""
-15,"Control - Veneno",0.768177184753426,0.41444025376272,167.416437867495,1.85352937553511,0.0655662637699446,"Nav1.2","2","Corriente",""
-10,"Control - Veneno",0.781794400959159,0.414440253760263,167.416437867495,1.88638626162843,0.0609743886017491,"Nav1.2","2","Corriente",""
-5,"Control - Veneno",0.771301621489766,0.414136396926724,167.416437867495,1.86243379527503,0.0642942863247318,"Nav1.2","2","Corriente",""
0,"Control - Veneno",0.748724549811673,0.414711880616751,167.416437867495,1.80540897140006,0.0728073885644041,"Nav1.2","2","Corriente",""
5,"Control - Veneno",0.690024144875978,0.413928087568586,167.416437867495,1.66701455059303,0.0973811491191056,"Nav1.2","2","Corriente",""
10,"Control - Veneno",0.587998026796081,0.41483370291423,167.416437867495,1.4174307021473,0.158215434564537,"Nav1.2","2","Corriente",""
15,"Control - Veneno",0.465670852329169,0.41391563835515,167.416437867495,1.12503807340957,0.262183239830172,"Nav1.2","2","Corriente",""
20,"Control - Veneno",0.348029053654651,0.414733547491443,167.416437867495,0.839163013842838,0.402574482751965,"Nav1.2","2","Corriente",""
25,"Control - Veneno",0.243515699376866,0.414145753893385,167.416437867495,0.58799516133529,0.557327861624258,"Nav1.2","2","Corriente",""
30,"Control - Veneno",0.155381116764797,0.414398594085957,167.416437867495,0.374955704440848,0.708167976967606,"Nav1.2","2","Corriente",""
35,"Control - Veneno",0.0922989193207477,0.414604589077199,167.416437867495,0.222619145451768,0.824103297752708,"Nav1.2","2","Corriente",""
40,"Control - Veneno",0.0571438457680884,0.413991055617291,167.416437867495,0.138031595109906,0.890381325261879,"Nav1.2","2","Corriente",""
45,"Control - Veneno",0.0366468305413932,0.415911822449957,167.416437867495,0.0881120193350661,0.929892951516818,"Nav1.2","2","Corriente",""
50,"Control - Veneno",0.0157181974336771,0.415167483749129,167.416437867495,0.0378598952204432,0.969844496203319,"Nav1.2","2","Corriente",""
55,"Control - Veneno",-0.00251247445422429,0.4186252943688,167.416437867495,-0.00600172633622766,0.995218489574415,"Nav1.2","2","Corriente",""
60,"Control - Veneno",-0.00361321908710269,0.418625066670829,167.416437867495,-0.00863115798544337,0.993123694192201,"Nav1.2","2","Corriente",""
65,"Control - Veneno",0.0131123665496338,0.484008284205597,167.416437867495,0.0270912027283896,0.978419257201421,"Nav1.2","2","Corriente",""
-90,"Control - Veneno",0.00986285561000661,0.0951310126848376,94.6005094051312,0.103676554381709,0.917645510937759,"Nav1.2","2","Var1",""
-85,"Control - Veneno",0.0131376468509496,0.0732471724159089,94.6005094051312,0.179360464269555,0.858038277722368,"Nav1.2","2","Var1",""
-80,"Control - Veneno",0.0140098158916786,0.0727176662043765,94.6005094051312,0.192660416965299,0.847637925386485,"Nav1.2","2","Var1",""
-75,"Control - Veneno",0.0111746911103289,0.0718770080687443,94.6005094051312,0.155469619709842,0.876782359188205,"Nav1.2","2","Var1",""
-70,"Control - Veneno",0.00527605187686301,0.0717147035661151,94.6005094051312,0.0735700158336278,0.941507866516746,"Nav1.2","2","Var1",""
-65,"Control - Veneno",-0.00285501895907086,0.0717701878551412,94.6005094051312,-0.0397800123476525,0.96835234390794,"Nav1.2","2","Var1",""
-60,"Control - Veneno",-0.0111452416072942,0.0716362839315267,94.6005094051312,-0.155580956962359,0.876694835491937,"Nav1.2","2","Var1",""
-55,"Control - Veneno",-0.0175700617167145,0.0715406621035561,94.6005094051312,-0.245595458583841,0.806527436534631,"Nav1.2","2","Var1",""
-50,"Control - Veneno",-0.00696846495218215,0.0716454435930154,94.6005094051312,-0.0972631978073411,0.922723152496974,"Nav1.2","2","Var1",""
-45,"Control - Veneno",0.0503223090349193,0.0717398679378713,94.6005094051312,0.701455278374637,0.484740980995752,"Nav1.2","2","Var1",""
-40,"Control - Veneno",0.142957027094364,0.0716454435930127,94.6005094051312,1.99534010713147,0.0488822131855282,"Nav1.2","2","Var1","*"
-35,"Control - Veneno",0.207716449002425,0.0715406621035578,94.6005094051312,2.9034739530611,0.00459276504793927,"Nav1.2","2","Var1","**"
-30,"Control - Veneno",0.20393897402821,0.0716362839315255,94.6005094051312,2.84686701816006,0.00541483734559572,"Nav1.2","2","Var1","**"
-25,"Control - Veneno",0.144093862497258,0.0717701878551407,94.6005094051312,2.00771193170198,0.0475263114191797,"Nav1.2","2","Var1","*"
-20,"Control - Veneno",0.069385636046818,0.0717147035661168,94.6005094051312,0.967523152108528,0.335749627651034,"Nav1.2","2","Var1",""
-15,"Control - Veneno",0.0167255543273859,0.0718770080687417,94.6005094051312,0.232696863389054,0.816499513010409,"Nav1.2","2","Var1",""
-10,"Control - Veneno",-0.0168415832234089,0.0727176662043732,94.6005094051312,-0.23160236160599,0.817347102722144,"Nav1.2","2","Var1",""
-5,"Control - Veneno",-0.0515432685831279,0.0732471724159127,94.6005094051312,-0.70368953343966,0.483354582589424,"Nav1.2","2","Var1",""
0,"Control - Veneno",-0.0882164476090651,0.0951310126848409,94.6005094051312,-0.927315342487911,0.356122700494196,"Nav1.2","2","Var1",""
-90,"Control - Veneno",-0.0326389463761526,0.0349583189592217,92.1022329580331,-0.933653200379154,0.352924096804435,"Nav1.2","2","Var2",""
-85,"Control - Veneno",-0.0240978728217991,0.0288472542641505,92.1022329580331,-0.835361057282544,0.405676241933959,"Nav1.2","2","Var2",""
-80,"Control - Veneno",-0.0147464709716237,0.0286022906743426,92.1022329580331,-0.515569579357219,0.607390437388871,"Nav1.2","2","Var2",""
-75,"Control - Veneno",-0.00902337655844022,0.0282973384084361,92.1022329580331,-0.318877218351749,0.75054166481208,"Nav1.2","2","Var2",""
-70,"Control - Veneno",-0.0172619170729591,0.0283485066207091,92.1022329580331,-0.608918039454996,0.544077776516607,"Nav1.2","2","Var2",""
-65,"Control - Veneno",-0.0469771265432372,0.0283967699971632,92.1022329580331,-1.65431232312443,0.101468319369972,"Nav1.2","2","Var2",""
-60,"Control - Veneno",-0.102292347685828,0.028332382912157,92.1022329580331,-3.61043926319152,0.000497160223863854,"Nav1.2","2","Var2","***"
-55,"Control - Veneno",-0.168820397147335,0.0282868986707147,92.1022329580331,-5.96814797947837,4.42379255440659e-08,"Nav1.2","2","Var2","***"
-50,"Control - Veneno",-0.205037533903784,0.0283373310418499,92.1022329580331,-7.23559793266962,1.34842007396961e-10,"Nav1.2","2","Var2","***"
-45,"Control - Veneno",-0.186880082916988,0.0283826084987546,92.1022329580331,-6.58431669256855,2.76645050933097e-09,"Nav1.2","2","Var2","***"
-40,"Control - Veneno",-0.128874795114408,0.0283373310418489,92.1022329580331,-4.54788049460565,1.64681322808276e-05,"Nav1.2","2","Var2","***"
-35,"Control - Veneno",-0.0563798537744445,0.0282868986707156,92.1022329580331,-1.99314369633645,0.0492048425475181,"Nav1.2","2","Var2","*"
-30,"Control - Veneno",0.00390853427888891,0.0283323829121563,92.1022329580331,0.137952896196808,0.890578799897189,"Nav1.2","2","Var2",""
-25,"Control - Veneno",0.0345103636342116,0.0283967699971629,92.1022329580331,1.21529186726728,0.227360934283007,"Nav1.2","2","Var2",""
-20,"Control - Veneno",0.0393417581394263,0.0283485066207099,92.1022329580331,1.38778944040337,0.168549489978498,"Nav1.2","2","Var2",""
-15,"Control - Veneno",0.0300364885949999,0.028297338408435,92.1022329580331,1.06145985044468,0.291256426443576,"Nav1.2","2","Var2",""
-10,"Control - Veneno",0.0183283122031629,0.0286022906743409,92.1022329580331,0.640798753213329,0.523244667072568,"Nav1.2","2","Var2",""
-5,"Control - Veneno",0.0098010872810539,0.0288472542641523,92.1022329580331,0.339758064712365,0.734812308824061,"Nav1.2","2","Var2",""
0,"Control - Veneno",0.000604471594587851,0.0349583189592228,92.1022329580331,0.0172912088619861,0.986241701507592,"Nav1.2","2","Var2",""
-90,"Control - Veneno",-0.0997684805146464,0.169705247850542,138.426993326417,-0.587892724463721,0.557562150643029,"Nav1.4","1","Corriente",""
-85,"Control - Veneno",-0.0890627165706637,0.155902448654308,138.426993326417,-0.571272082891705,0.568741565840452,"Nav1.4","1","Corriente",""
-80,"Control - Veneno",-0.0766564539575751,0.154749886567937,138.426993326417,-0.495357093033616,0.621133509812861,"Nav1.4","1","Corriente",""
-75,"Control - Veneno",-0.0608424166843703,0.15438263718612,138.426993326417,-0.394101420945543,0.694112609348942,"Nav1.4","1","Corriente",""
-70,"Control - Veneno",-0.0405419008403809,0.154450342045739,138.426993326417,-0.262491492756778,0.793332785255713,"Nav1.4","1","Corriente",""
-65,"Control - Veneno",-0.0150775225887172,0.154066515330829,138.426993326417,-0.0978637217590149,0.922182068134225,"Nav1.4","1","Corriente",""
-60,"Control - Veneno",0.0167138354355014,0.154042864105286,138.426993326417,0.108501198887588,0.91375524587899,"Nav1.4","1","Corriente",""
-55,"Control - Veneno",0.0557925583344647,0.153983567418429,138.426993326417,0.362328002070872,0.717659502704504,"Nav1.4","1","Corriente",""
-50,"Control - Veneno",0.0995569768422025,0.153942536417391,138.426993326417,0.646715191000034,0.518887162135579,"Nav1.4","1","Corriente",""
-45,"Control - Veneno",0.138991684600429,0.154015181917014,138.426993326417,0.902454439039135,0.368383145818457,"Nav1.4","1","Corriente",""
-40,"Control - Veneno",0.161307473390018,0.153908549294519,138.426993326417,1.0480735094276,0.296431221238062,"Nav1.4","1","Corriente",""
-35,"Control - Veneno",0.15811450525813,0.154028260407326,138.426993326417,1.02652918912411,0.306432653100784,"Nav1.4","1","Corriente",""
-30,"Control - Veneno",0.132176824620029,0.153913380151718,138.426993326417,0.858774100664525,0.391949779981544,"Nav1.4","1","Corriente",""
-25,"Control - Veneno",0.095896740111502,0.154012867558829,138.426993326417,0.622654078399468,0.534536249914257,"Nav1.4","1","Corriente",""
-20,"Control - Veneno",0.0629886020185473,0.153937129998717,138.426993326417,0.409183944244462,0.683037086030266,"Nav1.4","1","Corriente",""
-15,"Control - Veneno",0.0415642605375026,0.153976629908735,138.426993326417,0.269938759941288,0.787609370889009,"Nav1.4","1","Corriente",""
-10,"Control - Veneno",0.0338217746346281,0.153978489915866,138.426993326417,0.219652593379169,0.826465301323895,"Nav1.4","1","Corriente",""
-5,"Control - Veneno",0.0391741140164121,0.153940435809034,138.426993326417,0.25447579000626,0.799505646691753,"Nav1.4","1","Corriente",""
0,"Control - Veneno",0.0551064970841283,0.154012388401597,138.426993326417,0.357805613275957,0.721033777665034,"Nav1.4","1","Corriente",""
5,"Control - Veneno",0.0757788410725205,0.153910733449493,138.426993326417,0.492355792049993,0.623247819279474,"Nav1.4","1","Corriente",""
10,"Control - Veneno",0.0931831469741061,0.154028679659043,138.426993326417,0.60497270495583,0.546187573188247,"Nav1.4","1","Corriente",""
15,"Control - Veneno",0.102197449900877,0.153913378986307,138.426993326417,0.663993283585627,0.507799045643909,"Nav1.4","1","Corriente",""
20,"Control - Veneno",0.104307319238271,0.154018139114746,138.426993326417,0.677240485035077,0.499383638656386,"Nav1.4","1","Corriente",""
25,"Control - Veneno",0.105114755200874,0.153938273601048,138.426993326417,0.682837040730323,0.495851001236674,"Nav1.4","1","Corriente",""
30,"Control - Veneno",0.108207824455339,0.153979549615855,138.426993326417,0.702741531101329,0.483396955884826,"Nav1.4","1","Corriente",""
35,"Control - Veneno",0.112424724910571,0.154042417484083,138.426993326417,0.729829658264015,0.466727543357198,"Nav1.4","1","Corriente",""
40,"Control - Veneno",0.114972296954012,0.15406942543854,138.426993326417,0.746236942383327,0.456789727130018,"Nav1.4","1","Corriente",""
45,"Control - Veneno",0.115631109901796,0.1544572072634,138.426993326417,0.748628775247809,0.455351109173197,"Nav1.4","1","Corriente",""
50,"Control - Veneno",0.116891260791183,0.154356392505825,138.426993326417,0.757281631771565,0.450168257828633,"Nav1.4","1","Corriente",""
55,"Control - Veneno",0.120849857268634,0.154803634049622,138.426993326417,0.780665505758707,0.436332195384454,"Nav1.4","1","Corriente",""
60,"Control - Veneno",0.127342258834541,0.157394847271809,138.426993326417,0.809062437823207,0.419867651838036,"Nav1.4","1","Corriente",""
65,"Control - Veneno",0.134970368893506,0.175386190773066,138.426993326417,0.769560980249271,0.442871545092,"Nav1.4","1","Corriente",""
-90,"Control - Veneno",-0.0162375215064873,0.127060687451954,229.115499192769,-0.127793433453815,0.898424540743818,"Nav1.4","2","Corriente",""
-85,"Control - Veneno",-0.018426112952579,0.107300894893727,229.115499192769,-0.171723758416261,0.863806282949211,"Nav1.4","2","Corriente",""
-80,"Control - Veneno",-0.0209806800310456,0.107328625607017,229.115499192769,-0.195480748145105,0.84518985773433,"Nav1.4","2","Corriente",""
-75,"Control - Veneno",-0.0213904994631981,0.106185608910301,229.115499192769,-0.201444430019396,0.840529807775547,"Nav1.4","2","Corriente",""
-70,"Control - Veneno",-0.0160978357301975,0.106467845926964,229.115499192769,-0.151199036573356,0.879951751103891,"Nav1.4","2","Corriente",""
-65,"Control - Veneno",-0.00433687511596648,0.105816892703405,229.115499192769,-0.0409847143038148,0.967343774023066,"Nav1.4","2","Corriente",""
-60,"Control - Veneno",0.0128888211476047,0.105981429643275,229.115499192769,0.121613958133868,0.903311352584934,"Nav1.4","2","Corriente",""
-55,"Control - Veneno",0.0369022495897323,0.105903954704422,229.115499192769,0.348450156490629,0.727822107890052,"Nav1.4","2","Corriente",""
-50,"Control - Veneno",0.0689500947094647,0.105821721875698,229.115499192769,0.651568444430111,0.515332635904574,"Nav1.4","2","Corriente",""
-45,"Control - Veneno",0.100274605684572,0.106006358719478,229.115499192769,0.945930101701974,0.345180764052587,"Nav1.4","2","Corriente",""
-40,"Control - Veneno",0.108762481090566,0.105741761192544,229.115499192769,1.02856695277206,0.304767837332692,"Nav1.4","2","Corriente",""
-35,"Control - Veneno",0.0738669229912491,0.106041471434665,229.115499192769,0.69658523209724,0.486768504009913,"Nav1.4","2","Corriente",""
-30,"Control - Veneno",-0.000837846672075758,0.105751329222894,229.115499192769,-0.00792280038683786,0.993685480159103,"Nav1.4","2","Corriente",""
-25,"Control - Veneno",-0.0826059170640277,0.106002919128296,229.115499192769,-0.77927964383744,0.436619176736611,"Nav1.4","2","Corriente",""
-20,"Control - Veneno",-0.131640148484826,0.105813391354378,229.115499192769,-1.24407834206874,0.214741986907021,"Nav1.4","2","Corriente",""
-15,"Control - Veneno",-0.130378767247738,0.105912795650177,229.115499192769,-1.23100109337469,0.219584626373219,"Nav1.4","2","Corriente",""
-10,"Control - Veneno",-0.0918741420194104,0.105915551643664,229.115499192769,-0.867428253864984,0.386614987439812,"Nav1.4","2","Corriente",""
-5,"Control - Veneno",-0.04254400881995,0.105818987408141,229.115499192769,-0.402045132560748,0.688025612173549,"Nav1.4","2","Corriente",""
0,"Control - Veneno",-0.000638450048048993,0.106001360398351,229.115499192769,-0.00602303636151189,0.995199582291566,"Nav1.4","2","Corriente",""
5,"Control - Veneno",0.0292915172435893,0.105746246328393,229.115499192769,0.276998174976584,0.782031251363782,"Nav1.4","2","Corriente",""
10,"Control - Veneno",0.0480396654817627,0.106041098556008,229.115499192769,0.453028742024863,0.650956765647581,"Nav1.4","2","Corriente",""
15,"Control - Veneno",0.0553009173090539,0.105748698509313,229.115499192769,0.52294655242668,0.601516792836263,"Nav1.4","2","Corriente",""
20,"Control - Veneno",0.0520012266106524,0.106012603642918,229.115499192769,0.490519285667276,0.624235923073152,"Nav1.4","2","Corriente",""
25,"Control - Veneno",0.0434979783289317,0.105816911642345,229.115499192769,0.411068303296851,0.681406670478561,"Nav1.4","2","Corriente",""
30,"Control - Veneno",0.0358728676962635,0.105899407467674,229.115499192769,0.338744744225446,0.735112269751458,"Nav1.4","2","Corriente",""
35,"Control - Veneno",0.0296344806861399,0.105981456338671,229.115499192769,0.279619489200459,0.780021717723309,"Nav1.4","2","Corriente",""
40,"Control - Veneno",0.0203144195728344,0.10581924107618,229.115499192769,0.191972833732666,0.84793351907954,"Nav1.4","2","Corriente",""
45,"Control - Veneno",0.00646730229914551,0.106473393589896,229.115499192769,0.0607410178363961,0.951618414587062,"Nav1.4","2","Corriente",""
50,"Control - Veneno",-0.00472078982330522,0.1061962287215,229.115499192769,-0.0444534601665141,0.964581667387911,"Nav1.4","2","Corriente",""
55,"Control - Veneno",-0.00187836040750892,0.107293490630176,229.115499192769,-0.0175067508427266,0.986047582870993,"Nav1.4","2","Corriente",""
60,"Control - Veneno",0.0200547525753958,0.108409272616082,229.115499192769,0.184991118300527,0.853399651483255,"Nav1.4","2","Corriente",""
65,"Control - Veneno",0.0546566614123262,0.132337069767354,229.115499192769,0.413010968947791,0.679984831367866,"Nav1.4","2","Corriente",""
-90,"Control - Veneno",0.00361672335955097,0.0837813316577674,132.400350442069,0.0431686067526913,0.965632165103572,"Nav1.4","2","Var1",""
-85,"Control - Veneno",0.00764307935994808,0.0693563076468053,132.400350442069,0.110200205565588,0.912417462678407,"Nav1.4","2","Var1",""
-80,"Control - Veneno",0.00970042537245339,0.0686543319071746,132.400350442069,0.141293711598112,0.887852672413132,"Nav1.4","2","Var1",""
-75,"Control - Veneno",0.00974641580063692,0.0684253202875187,132.400350442069,0.142438731155121,0.886950000507877,"Nav1.4","2","Var1",""
-70,"Control - Veneno",0.0080074939253921,0.068060949983821,132.400350442069,0.117651809551521,0.906521845637913,"Nav1.4","2","Var1",""
-65,"Control - Veneno",0.00302209955068426,0.0680990973414766,132.400350442069,0.044377967824305,0.964669984114521,"Nav1.4","2","Var1",""
-60,"Control - Veneno",-0.00531982306780751,0.0679054869088653,132.400350442069,-0.0783415790088825,0.937674618567037,"Nav1.4","2","Var1",""
-55,"Control - Veneno",-0.0171528410558423,0.0679671770117691,132.400350442069,-0.252369479062991,0.801146851249546,"Nav1.4","2","Var1",""
-50,"Control - Veneno",-0.0329379083152242,0.0679047925936643,132.400350442069,-0.485060141665131,0.62843528486195,"Nav1.4","2","Var1",""
-45,"Control - Veneno",-0.047600501604342,0.0680658146977176,132.400350442069,-0.699330520258038,0.485572269308052,"Nav1.4","2","Var1",""
-40,"Control - Veneno",-0.0542674295359701,0.0679047925936631,132.400350442069,-0.799169358497302,0.425623560211549,"Nav1.4","2","Var1",""
-35,"Control - Veneno",-0.0465128202822915,0.0679671770117695,132.400350442069,-0.68434238888923,0.494955111318717,"Nav1.4","2","Var1",""
-30,"Control - Veneno",-0.0205344675063334,0.0679054869088652,132.400350442069,-0.302397765498572,0.76282339534257,"Nav1.4","2","Var1",""
-25,"Control - Veneno",0.00864826308330336,0.0680990973414765,132.400350442069,0.126995267498737,0.899136810655292,"Nav1.4","2","Var1",""
-20,"Control - Veneno",0.0192554477388905,0.0680609499838218,132.400350442069,0.28291476600705,0.777684016640694,"Nav1.4","2","Var1",""
-15,"Control - Veneno",0.0144021535764471,0.0684253202875176,132.400350442069,0.210479885456589,0.833616728040933,"Nav1.4","2","Var1",""
-10,"Control - Veneno",0.00927884637013953,0.0686543319071733,132.400350442069,0.135153108513026,0.892696075293589,"Nav1.4","2","Var1",""
-5,"Control - Veneno",0.0066972698584581,0.0693563076468087,132.400350442069,0.0965632411195158,0.923219262567707,"Nav1.4","2","Var1",""
0,"Control - Veneno",0.00405407267498878,0.0837813316577688,132.400350442069,0.0483887352321985,0.961479353595914,"Nav1.4","2","Var1",""
-90,"Control - Veneno",0.000988586461763613,0.496033947557563,479.577616867054,0.00199298146151356,0.998410660642132,"Nav1.5","2","Corriente",""
-85,"Control - Veneno",4.44270565607002e-05,0.394657444667146,479.577616867054,0.00011257118587531,0.999910227998585,"Nav1.5","2","Corriente",""
-80,"Control - Veneno",0.00698413874934559,0.390351453757874,479.577616867054,0.0178919245262442,0.985732512328157,"Nav1.5","2","Corriente",""
-75,"Control - Veneno",0.0101859034294466,0.386313721774493,479.577616867054,0.0263669211195986,0.97897564585321,"Nav1.5","2","Corriente",""
-70,"Control - Veneno",-0.0258641903833448,0.386986339249345,479.577616867054,-0.0668348925016703,0.946740998573052,"Nav1.5","2","Corriente",""
-65,"Control - Veneno",-0.135169225649663,0.383976832521527,479.577616867054,-0.352024430125181,0.724974571691571,"Nav1.5","2","Corriente",""
-60,"Control - Veneno",-0.311232755724088,0.384549091639228,479.577616867054,-0.809344664935725,0.418718278191825,"Nav1.5","2","Corriente",""
-55,"Control - Veneno",-0.492999203860795,0.384252550957717,479.577616867054,-1.28300827836285,0.200108859854656,"Nav1.5","2","Corriente",""
-50,"Control - Veneno",-0.598889975616982,0.383914493509505,479.577616867054,-1.5599566719722,0.119429747672893,"Nav1.5","2","Corriente",""
-45,"Control - Veneno",-0.585541369252602,0.384690324566349,479.577616867054,-1.52211098605786,0.128640339559757,"Nav1.5","2","Corriente",""
-40,"Control - Veneno",-0.47777267137326,0.383613056618035,479.577616867054,-1.24545466618197,0.213572824316171,"Nav1.5","2","Corriente",""
-35,"Control - Veneno",-0.341663913712831,0.384817279666388,479.577616867054,-0.88786011378967,0.375061065133935,"Nav1.5","2","Corriente",""
-30,"Control - Veneno",-0.229846152468606,0.383629258327687,479.577616867054,-0.599136138548319,0.549365016871333,"Nav1.5","2","Corriente",""
-25,"Control - Veneno",-0.152758724561865,0.384656997899598,479.577616867054,-0.397129716594255,0.691448483592862,"Nav1.5","2","Corriente",""
-20,"Control - Veneno",-0.0948968285286405,0.383902712449095,479.577616867054,-0.247189783899284,0.804867135809117,"Nav1.5","2","Corriente",""
-15,"Control - Veneno",-0.0456668117670603,0.384301003995781,479.577616867054,-0.118830841689817,0.905459131228267,"Nav1.5","2","Corriente",""
-10,"Control - Veneno",-0.00855506240099508,0.384301003992533,479.577616867054,-0.022261358445895,0.982248731789484,"Nav1.5","2","Corriente",""
-5,"Control - Veneno",0.0116205954670808,0.383902712448492,479.577616867054,0.0302696362653074,0.975864604768307,"Nav1.5","2","Corriente",""
0,"Control - Veneno",0.0179136799194739,0.384656997897619,479.577616867054,0.0465705291139453,0.962874906912864,"Nav1.5","2","Corriente",""
5,"Control - Veneno",0.0154248830999175,0.383629258327937,479.577616867054,0.0402077859419468,0.967944203150384,"Nav1.5","2","Corriente",""
10,"Control - Veneno",0.00436906329065111,0.384817279668912,479.577616867054,0.0113536047404372,0.990946050070474,"Nav1.5","2","Corriente",""
15,"Control - Veneno",-0.0154362743697043,0.383613056618273,479.577616867054,-0.0402391787854726,0.967919188625296,"Nav1.5","2","Corriente",""
20,"Control - Veneno",-0.0373894023290883,0.384690324568441,479.577616867054,-0.0971935084955231,0.922613327802605,"Nav1.5","2","Corriente",""
25,"Control - Veneno",-0.0521958425720509,0.38391449350695,479.577616867054,-0.135956947327663,0.891912364925181,"Nav1.5","2","Corriente",""
30,"Control - Veneno",-0.0586235620304836,0.384252550957642,479.577616867054,-0.152565186319208,0.878805346053621,"Nav1.5","2","Corriente",""
35,"Control - Veneno",-0.0644041519113516,0.384549091635999,479.577616867054,-0.167479662056553,0.867063246548809,"Nav1.5","2","Corriente",""
40,"Control - Veneno",-0.0751046049342562,0.383976832522441,479.577616867054,-0.195596709418313,0.84500868054912,"Nav1.5","2","Corriente",""
45,"Control - Veneno",-0.0873039788326012,0.386986339252173,479.577616867054,-0.225599640032025,0.821608926610228,"Nav1.5","2","Corriente",""
50,"Control - Veneno",-0.0959843531031452,0.386313721774784,479.577616867054,-0.248462189388921,0.803883180140441,"Nav1.5","2","Corriente",""
55,"Control - Veneno",-0.104173932298631,0.390351453759732,479.577616867054,-0.266872151481091,0.789682313623758,"Nav1.5","2","Corriente",""
60,"Control - Veneno",-0.119401855176186,0.394657444664977,479.577616867054,-0.302545553847453,0.76236738748156,"Nav1.5","2","Corriente",""
65,"Control - Veneno",-0.142366852589142,0.496033947557075,479.577616867054,-0.287010300989049,0.774228394715812,"Nav1.5","2","Corriente",""
-90,"Control - Veneno",0.000963727228995837,0.0952714855622233,277.42638549211,0.0101155893949655,0.991936335287699,"Nav1.5","2","Var1",""
-85,"Control - Veneno",-0.00219590668003328,0.0799796520080039,277.42638549211,-0.0274558168846938,0.978115918949353,"Nav1.5","2","Var1",""
-80,"Control - Veneno",-0.00472359641075916,0.0789871314408782,277.42638549211,-0.0598021009826742,0.952356307419268,"Nav1.5","2","Var1",""
-75,"Control - Veneno",-0.00397102233886427,0.078807708824831,277.42638549211,-0.0503887550860134,0.959848856406268,"Nav1.5","2","Var1",""
-70,"Control - Veneno",0.00410532250799572,0.0785538868878141,277.42638549211,0.0522612269187736,0.958358157777999,"Nav1.5","2","Var1",""
-65,"Control - Veneno",0.0247769822821418,0.0784399892608339,277.42638549211,0.315871821447498,0.752337303801575,"Nav1.5","2","Var1",""
-60,"Control - Veneno",0.0590551600368858,0.0783688771862551,277.42638549211,0.753553734048436,0.451756275719276,"Nav1.5","2","Var1",""
-55,"Control - Veneno",0.0938082292889172,0.0783376084243368,277.42638549211,1.19748650968229,0.232139130647717,"Nav1.5","2","Var1",""
-50,"Control - Veneno",0.10495185892123,0.0783697577904957,277.42638549211,1.3391882516952,0.181605551296207,"Nav1.5","2","Var1",""
-45,"Control - Veneno",0.0781014938711147,0.0783985335617804,277.42638549211,0.996211157566721,0.320015664943727,"Nav1.5","2","Var1",""
-40,"Control - Veneno",0.0241467323592817,0.0783697577904947,277.42638549211,0.308112887420592,0.758227643779982,"Nav1.5","2","Var1",""
-35,"Control - Veneno",-0.0319028103799879,0.0783376084243371,277.42638549211,-0.40724769394513,0.684140122458887,"Nav1.5","2","Var1",""
-30,"Control - Veneno",-0.0735210902912719,0.0783688771862553,277.42638549211,-0.938141427196132,0.348987745598107,"Nav1.5","2","Var1",""
-25,"Control - Veneno",-0.0970107093938519,0.0784399892608333,277.42638549211,-1.23675067153906,0.217225583318973,"Nav1.5","2","Var1",""
-20,"Control - Veneno",-0.103837442905391,0.0785538868878146,277.42638549211,-1.32186257127778,0.187302836811829,"Nav1.5","2","Var1",""
-15,"Control - Veneno",-0.0980687890627321,0.0788077088248302,277.42638549211,-1.24440604257021,0.21440043883601,"Nav1.5","2","Var1",""
-10,"Control - Veneno",-0.0836413699758654,0.0789871314408774,277.42638549211,-1.05892401015312,0.290555487198832,"Nav1.5","2","Var1",""
-5,"Control - Veneno",-0.0618061622661512,0.0799796520080054,277.42638549211,-0.772773583210451,0.44031426205939,"Nav1.5","2","Var1",""
0,"Control - Veneno",-0.0347919870173685,0.0952714855622245,277.42638549211,-0.365187829412451,0.715249455334238,"Nav1.5","2","Var1",""
-90,"Control - Veneno",0.00239224554011673,0.0588306206465785,240.556012332988,0.0406632721841914,0.967598070450414,"Nav1.5","2","Var2",""
-85,"Control - Veneno",0.00287378734532195,0.0510300592795774,240.556012332988,0.0563155792074899,0.955137154877857,"Nav1.5","2","Var2",""
-80,"Control - Veneno",0.00657911488141915,0.0506254535175947,240.556012332988,0.129956660618015,0.896709317926389,"Nav1.5","2","Var2",""
-75,"Control - Veneno",0.0131981451571336,0.0505135930926026,240.556012332988,0.261279080522711,0.794100853348244,"Nav1.5","2","Var2",""
-70,"Control - Veneno",0.0190775239345386,0.0503841490235738,240.556012332988,0.378641384329279,0.705288144036325,"Nav1.5","2","Var2",""
-65,"Control - Veneno",0.021160383528674,0.0503387849518315,240.556012332988,0.420359441510598,0.67459814051891,"Nav1.5","2","Var2",""
-60,"Control - Veneno",0.0191525698001335,0.0503071944185518,240.556012332988,0.380712341872729,0.703752691561642,"Nav1.5","2","Var2",""
-55,"Control - Veneno",0.0156667880319389,0.0502912552550706,240.556012332988,0.311521117388679,0.755674301833237,"Nav1.5","2","Var2",""
-50,"Control - Veneno",0.0141126707534978,0.0503087235921931,240.556012332988,0.280521343930257,0.779318653345716,"Nav1.5","2","Var2",""
-45,"Control - Veneno",0.0148210487309768,0.0503244086815572,240.556012332988,0.294510141684156,0.768622101869457,"Nav1.5","2","Var2",""
-40,"Control - Veneno",0.0157678361724668,0.0503087235921925,240.556012332988,0.313421511153463,0.754232031912347,"Nav1.5","2","Var2",""
-35,"Control - Veneno",0.0157056072827485,0.0502912552550708,240.556012332988,0.312293006072164,0.755088387041629,"Nav1.5","2","Var2",""
-30,"Control - Veneno",0.014170201082928,0.0503071944185521,240.556012332988,0.281673451415974,0.778436071183833,"Nav1.5","2","Var2",""
-25,"Control - Veneno",0.0114923049954437,0.0503387849518314,240.556012332988,0.228299213150268,0.819607581985225,"Nav1.5","2","Var2",""
-20,"Control - Veneno",0.00845807366525966,0.0503841490235738,240.556012332988,0.167871718172759,0.866825245764567,"Nav1.5","2","Var2",""
-15,"Control - Veneno",0.00538048388744704,0.0505135930926022,240.556012332988,0.106515564584437,0.915262080581743,"Nav1.5","2","Var2",""
-10,"Control - Veneno",0.00298304406170554,0.0506254535175943,240.556012332988,0.0589237992834734,0.953061720999931,"Nav1.5","2","Var2",""
-5,"Control - Veneno",0.00146512543284916,0.0510300592795786,240.556012332988,0.0287110274519214,0.977118866152815,"Nav1.5","2","Var2",""
0,"Control - Veneno",-0.000110634977906235,0.0588306206465792,240.556012332988,-0.00188056792007799,0.998501083346985,"Nav1.5","2","Var2",""
-90,"Control - Veneno",0.0136641093020551,0.119754922484759,167.699408732061,0.114100606626789,0.909294530428252,"Nav1.6","2","Corriente",""
-85,"Control - Veneno",0.0182184891197649,0.0943606062483889,167.699408732061,0.193073040160506,0.84713539989211,"Nav1.6","2","Corriente",""
-80,"Control - Veneno",0.0260903528045318,0.0942950120805006,167.699408732061,0.276688577994541,0.782359970504167,"Nav1.6","2","Corriente",""
-75,"Control - Veneno",0.0387387420034629,0.0928434990182451,167.699408732061,0.41724776008119,0.677030855887296,"Nav1.6","2","Corriente",""
-70,"Control - Veneno",0.055637737199791,0.0931856684040766,167.699408732061,0.59706324108265,0.55127041052247,"Nav1.6","2","Corriente",""
-65,"Control - Veneno",0.0754793476214214,0.0923864795517959,167.699408732061,0.81699560355154,0.415090069616789,"Nav1.6","2","Corriente",""
-60,"Control - Veneno",0.0947762796981335,0.0926351271849871,167.699408732061,1.02311382925907,0.307727631121976,"Nav1.6","2","Corriente",""
-55,"Control - Veneno",0.105883309833531,0.0925448533883841,167.699408732061,1.14412964045844,0.254200328612911,"Nav1.6","2","Corriente",""
-50,"Control - Veneno",0.101705933216108,0.0924397281518196,167.699408732061,1.10024050534928,0.272804178905135,"Nav1.6","2","Corriente",""
-45,"Control - Veneno",0.0871585651332244,0.0926848164643588,167.699408732061,0.940375872317129,0.348377351942646,"Nav1.6","2","Corriente",""
-40,"Control - Veneno",0.0848206207129038,0.0923436325492349,167.699408732061,0.918532424720026,0.359659408563512,"Nav1.6","2","Corriente",""
-35,"Control - Veneno",0.123036669877726,0.092726620901938,167.699408732061,1.32687537495669,0.186353767870315,"Nav1.6","2","Corriente",""
-30,"Control - Veneno",0.212930437650903,0.0923486613277842,167.699408732061,2.30572305639736,0.022350534550175,"Nav1.6","2","Corriente","*"
-25,"Control - Veneno",0.336141511648262,0.0926758409522603,167.699408732061,3.62706729385296,0.000380086947255904,"Nav1.6","2","Corriente","***"
-20,"Control - Veneno",0.456993760521067,0.0924356524308413,167.699408732061,4.94391231633251,1.84504013412768e-06,"Nav1.6","2","Corriente","***"
-15,"Control - Veneno",0.548098147959031,0.0925625127646539,167.699408732061,5.92138363132606,1.75689272456153e-08,"Nav1.6","2","Corriente","***"
-10,"Control - Veneno",0.604977390404234,0.0925625127636303,167.699408732061,6.53587907611278,7.2842316943942e-10,"Nav1.6","2","Corriente","***"
-5,"Control - Veneno",0.638339633256498,0.0924356524306509,167.699408732061,6.90577300501457,9.8636333848645e-11,"Nav1.6","2","Corriente","***"
0,"Control - Veneno",0.656271035359249,0.0926758409516357,167.699408732061,7.08136045619196,3.74214372358447e-11,"Nav1.6","2","Corriente","***"
5,"Control - Veneno",0.656084882535148,0.0923486613278622,167.699408732061,7.10443305946658,3.29164399501096e-11,"Nav1.6","2","Corriente","***"
10,"Control - Veneno",0.631137218288709,0.0927266209027328,167.699408732061,6.80642961152171,1.69726818980749e-10,"Nav1.6","2","Corriente","***"
15,"Control - Veneno",0.581052758379674,0.0923436325493105,167.699408732061,6.29228829686116,2.62884838643002e-09,"Nav1.6","2","Corriente","***"
20,"Control - Veneno",0.51327830956449,0.0926848164650189,167.699408732061,5.53788990625246,1.16266910704667e-07,"Nav1.6","2","Corriente","***"
25,"Control - Veneno",0.436561752503458,0.0924397281510135,167.699408732061,4.72266374247955,4.89394713657395e-06,"Nav1.6","2","Corriente","***"
30,"Control - Veneno",0.355613189610903,0.0925448533883574,167.699408732061,3.84260363046445,0.000172467689955646,"Nav1.6","2","Corriente","***"
35,"Control - Veneno",0.272169310126722,0.092635127183973,167.699408732061,2.93807887353784,0.00376767983767475,"Nav1.6","2","Corriente","**"
40,"Control - Veneno",0.18884710950359,0.0923864795520827,167.699408732061,2.04409898958351,0.0425076692025394,"Nav1.6","2","Corriente","*"
45,"Control - Veneno",0.109960541692833,0.0931856684049699,167.699408732061,1.18001559225784,0.239665165070383,"Nav1.6","2","Corriente",""
50,"Control - Veneno",0.0387200115241701,0.0928434990183407,167.699408732061,0.417046017584076,0.677178120463124,"Nav1.6","2","Corriente",""
55,"Control - Veneno",-0.0251338551548311,0.0942950120810867,167.699408732061,-0.266544906248252,0.790147037754534,"Nav1.6","2","Corriente",""
60,"Control - Veneno",-0.0844879109587924,0.0943606062476966,167.699408732061,-0.895372701792649,0.371871252021412,"Nav1.6","2","Corriente",""
65,"Control - Veneno",-0.142236480863119,0.119754922484616,167.699408732061,-1.18772972260402,0.236619418013204,"Nav1.6","2","Corriente",""
-90,"Control - Veneno",0.00634398142510797,0.0490199921247555,91.6624434414107,0.129416206533909,0.89731188553936,"Nav1.6","2","Var1",""
-85,"Control - Veneno",0.00202517098712415,0.0395106321125792,91.6624434414107,0.0512563550325834,0.959232779057027,"Nav1.6","2","Var1",""
-80,"Control - Veneno",-0.00184813030842902,0.0389157298225517,91.6624434414107,-0.0474905730113798,0.962225563196983,"Nav1.6","2","Var1",""
-75,"Control - Veneno",-0.00428966766728833,0.0384159372085334,91.6624434414107,-0.111663751531108,0.911334178639207,"Nav1.6","2","Var1",""
-70,"Control - Veneno",-0.0120347342030484,0.0385636999531821,91.6624434414107,-0.312074158279912,0.755692947493275,"Nav1.6","2","Var1",""
-65,"Control - Veneno",-0.0256126434439514,0.0386629530244701,91.6624434414107,-0.66245957539097,0.509338996488317,"Nav1.6","2","Var1",""
-60,"Control - Veneno",-0.0394298778971654,0.0385323631419003,91.6624434414107,-1.02329249187131,0.308862636344023,"Nav1.6","2","Var1",""
-55,"Control - Veneno",-0.0512586310323396,0.0384398490182337,91.6624434414107,-1.33347638821436,0.185679861075307,"Nav1.6","2","Var1",""
-50,"Control - Veneno",-0.0557842083176375,0.0385424605845551,91.6624434414107,-1.44734423987429,0.151212031690399,"Nav1.6","2","Var1",""
-45,"Control - Veneno",-0.0513421466571958,0.0386345719819163,91.6624434414107,-1.32891718539622,0.187173879197325,"Nav1.6","2","Var1",""
-40,"Control - Veneno",-0.036713927085283,0.0385424605845527,91.6624434414107,-0.952557945924125,0.343319241115612,"Nav1.6","2","Var1",""
-35,"Control - Veneno",-0.00489920395906783,0.0384398490182354,91.6624434414107,-0.127451175907161,0.898862501335875,"Nav1.6","2","Var1",""
-30,"Control - Veneno",0.038247997015303,0.038532363141899,91.6624434414107,0.992620070418502,0.323508265352585,"Nav1.6","2","Var1",""
-25,"Control - Veneno",0.0766348839761281,0.0386629530244692,91.6624434414107,1.98212702293141,0.0504600139905227,"Nav1.6","2","Var1",""
-20,"Control - Veneno",0.0940765983832673,0.038563699953184,91.6624434414107,2.43951172987746,0.0166319744007697,"Nav1.6","2","Var1","*"
-15,"Control - Veneno",0.0787548538369583,0.0384159372085311,91.6624434414107,2.05005681390663,0.043215236852462,"Nav1.6","2","Var1","*"
-10,"Control - Veneno",0.0391124471424195,0.0389157298225488,91.6624434414107,1.00505495646022,0.317516227092163,"Nav1.6","2","Var1",""
-5,"Control - Veneno",-0.016709433871407,0.0395106321125846,91.6624434414107,-0.422909808777392,0.67335158839941,"Nav1.6","2","Var1",""
0,"Control - Veneno",-0.0907888685964273,0.0490199921247589,91.6624434414107,-1.85207840028542,0.0672333219090839,"Nav1.6","2","Var1",""
-90,"Control - Veneno",-0.030648835826886,0.110182891357014,97.3246861614312,-0.278163292407873,0.781477108609185,"Nav1.6","2","Var2",""
-85,"Control - Veneno",-0.00690620108664414,0.103773825962612,97.3246861614312,-0.0665505104257441,0.947076066157177,"Nav1.6","2","Var2",""
-80,"Control - Veneno",0.0133175886202059,0.103049155872165,97.3246861614312,0.129235300449493,0.897438171051363,"Nav1.6","2","Var2",""
-75,"Control - Veneno",0.0235909114972946,0.10291838950518,97.3246861614312,0.229219594386552,0.819179251386604,"Nav1.6","2","Var2",""
-70,"Control - Veneno",0.0147896099701519,0.102867658391307,97.3246861614312,0.143773176151171,0.885976860339905,"Nav1.6","2","Var2",""
-65,"Control - Veneno",-0.0261383454844056,0.102831047201465,97.3246861614312,-0.254187292610137,0.799887132077424,"Nav1.6","2","Var2",""
-60,"Control - Veneno",-0.108710414006278,0.102783598431724,97.3246861614312,-1.05766304804449,0.292827237072647,"Nav1.6","2","Var2",""
-55,"Control - Veneno",-0.220385788510713,0.102755726215437,97.3246861614312,-2.14475432783816,0.0344620932702913,"Nav1.6","2","Var2","*"
-50,"Control - Veneno",-0.328176006606943,0.102761889770551,97.3246861614312,-3.19355752740342,0.00189374975054507,"Nav1.6","2","Var2","**"
-45,"Control - Veneno",-0.406886866420615,0.102771705560388,97.3246861614312,-3.95913315052974,0.0001431711376118,"Nav1.6","2","Var2","***"
-40,"Control - Veneno",-0.453897611900707,0.102761889770551,97.3246861614312,-4.41698389270751,2.59717155852231e-05,"Nav1.6","2","Var2","***"
-35,"Control - Veneno",-0.479580007425833,0.102755726215438,97.3246861614312,-4.6671852274232,9.75989735564427e-06,"Nav1.6","2","Var2","***"
-30,"Control - Veneno",-0.496418105101125,0.102783598431723,97.3246861614312,-4.82974047100406,5.08503003701228e-06,"Nav1.6","2","Var2","***"
-25,"Control - Veneno",-0.512073692983123,0.102831047201465,97.3246861614312,-4.97975764050984,2.75640787806096e-06,"Nav1.6","2","Var2","***"
-20,"Control - Veneno",-0.526865350100194,0.102867658391307,97.3246861614312,-5.12177839312726,1.52983529782716e-06,"Nav1.6","2","Var2","***"
-15,"Control - Veneno",-0.53836660879686,0.10291838950518,97.3246861614312,-5.23100498740085,9.67154204902869e-07,"Nav1.6","2","Var2","***"
-10,"Control - Veneno",-0.545320012694438,0.103049155872165,97.3246861614312,-5.29184356804361,7.4758522405572e-07,"Nav1.6","2","Var2","***"
-5,"Control - Veneno",-0.548464162928052,0.103773825962612,97.3246861614312,-5.28518783845989,7.69000494583787e-07,"Nav1.6","2","Var2","***"
0,"Control - Veneno",-0.549974890371161,0.110182891357015,97.3246861614312,-4.9914726651085,2.62659737397136e-06,"Nav1.6","2","Var2","***"
-90,"Control - Veneno",-0.0124958569963626,0.232771475800104,233.43922093783,-0.0536829392579595,0.957233688333814,"Nav1.7","1","Corriente",""
-85,"Control - Veneno",-0.00981502924442449,0.209444029778392,233.43922093783,-0.0468623013738303,0.962663039795655,"Nav1.7","1","Corriente",""
-80,"Control - Veneno",-0.00508045296153757,0.205917854738675,233.43922093783,-0.0246722314001621,0.980337481664072,"Nav1.7","1","Corriente",""
-75,"Control - Veneno",0.00254895981301753,0.205092363761804,233.43922093783,0.0124283506526743,0.990094481164709,"Nav1.7","1","Corriente",""
-70,"Control - Veneno",0.0108656099198316,0.205237433660201,233.43922093783,0.0529416575039677,0.957823669900438,"Nav1.7","1","Corriente",""
-65,"Control - Veneno",0.0145369994745081,0.204740253343345,233.43922093783,0.071002156327949,0.943456829350623,"Nav1.7","1","Corriente",""
-60,"Control - Veneno",0.00856012018791345,0.204677233095731,233.43922093783,0.0418225322789553,0.96667592137497,"Nav1.7","1","Corriente",""
-55,"Control - Veneno",-0.00623488299187831,0.204547847328699,233.43922093783,-0.0304812936107762,0.975709255956102,"Nav1.7","1","Corriente",""
-50,"Control - Veneno",-0.0214976903646142,0.204460339753195,233.43922093783,-0.105143571562896,0.916352173282744,"Nav1.7","1","Corriente",""
-45,"Control - Veneno",-0.0287779953167276,0.2045514139587,233.43922093783,-0.140688322606941,0.888237493035504,"Nav1.7","1","Corriente",""
-40,"Control - Veneno",-0.0322881283885998,0.204403900088876,233.43922093783,-0.157962389047179,0.874622990657262,"Nav1.7","1","Corriente",""
-35,"Control - Veneno",-0.0534310853049509,0.204564984242992,233.43922093783,-0.261193700880317,0.794173422985844,"Nav1.7","1","Corriente",""
-30,"Control - Veneno",-0.116692608220428,0.204405751514659,233.43922093783,-0.570887107411256,0.568625321145165,"Nav1.7","1","Corriente",""
-25,"Control - Veneno",-0.224731785772768,0.204543158668416,233.43922093783,-1.09870106258151,0.27303035196485,"Nav1.7","1","Corriente",""
-20,"Control - Veneno",-0.346004858366815,0.204441972945551,233.43922093783,-1.69243552770334,0.0918971632780185,"Nav1.7","1","Corriente",""
-15,"Control - Veneno",-0.430805636033817,0.204495150649691,233.43922093783,-2.10667898316965,0.0362130531237194,"Nav1.7","1","Corriente","*"
-10,"Control - Veneno",-0.444762025663012,0.204495150649252,233.43922093783,-2.17492700560837,0.0306400770885548,"Nav1.7","1","Corriente","*"
-5,"Control - Veneno",-0.390501769710752,0.204441972945469,233.43922093783,-1.9100860947713,0.0573476768787908,"Nav1.7","1","Corriente",""
0,"Control - Veneno",-0.299577088111528,0.204543158668149,233.43922093783,-1.46461553670227,0.144371261811406,"Nav1.7","1","Corriente",""
5,"Control - Veneno",-0.205897306662979,0.204405751514693,233.43922093783,-1.0072970312099,0.314835014571826,"Nav1.7","1","Corriente",""
10,"Control - Veneno",-0.126815594633879,0.204564984243333,233.43922093783,-0.619928161718186,0.535909734275896,"Nav1.7","1","Corriente",""
15,"Control - Veneno",-0.0644731053600764,0.204403900088909,233.43922093783,-0.315420133040673,0.752724475653686,"Nav1.7","1","Corriente",""
20,"Control - Veneno",-0.0171724407496147,0.204551413958983,233.43922093783,-0.0839517088503634,0.933166775209803,"Nav1.7","1","Corriente",""
25,"Control - Veneno",0.014990451897317,0.204460339752849,233.43922093783,0.0733171622204944,0.941616517417703,"Nav1.7","1","Corriente",""
30,"Control - Veneno",0.0326998537423085,0.204547847328687,233.43922093783,0.159864081530827,0.873126381901767,"Nav1.7","1","Corriente",""
35,"Control - Veneno",0.039521384855965,0.204677233095294,233.43922093783,0.193091260118631,0.847055389408545,"Nav1.7","1","Corriente",""
40,"Control - Veneno",0.0390705032895267,0.204740253343469,233.43922093783,0.190829612894845,0.84882494606679,"Nav1.7","1","Corriente",""
45,"Control - Veneno",0.0323184123030631,0.205237433660585,233.43922093783,0.15746840976637,0.875011820407192,"Nav1.7","1","Corriente",""
50,"Control - Veneno",0.01969589943602,0.205092363761844,233.43922093783,0.0960342895013446,0.923575730664464,"Nav1.7","1","Corriente",""
55,"Control - Veneno",0.00432344207904708,0.205917854738928,233.43922093783,0.0209959553265963,0.983266817240907,"Nav1.7","1","Corriente",""
60,"Control - Veneno",-0.00947670796426231,0.209444029778098,233.43922093783,-0.0452469711087143,0.963949136705399,"Nav1.7","1","Corriente",""
65,"Control - Veneno",-0.0205994678816795,0.232771475800033,233.43922093783,-0.0884965299587476,0.929557914776611,"Nav1.7","1","Corriente",""
-90,"Control - Veneno",0.00481340149752536,0.0623641518493326,126.48691546268,0.0771821848736787,0.9386005694704,"Nav1.7","1","Var1",""
-85,"Control - Veneno",0.00927342038486445,0.0569873105953013,126.48691546268,0.162727812349668,0.870992437722631,"Nav1.7","1","Var1",""
-80,"Control - Veneno",0.00552122933339886,0.0565114435458025,126.48691546268,0.0977010847178927,0.922324304428746,"Nav1.7","1","Var1",""
-75,"Control - Veneno",-0.00743797333001988,0.0562624218267744,126.48691546268,-0.132201442606231,0.895035028842589,"Nav1.7","1","Var1",""
-70,"Control - Veneno",-0.024432165669897,0.0563640162601173,126.48691546268,-0.433470985409267,0.665410997098367,"Nav1.7","1","Var1",""
-65,"Control - Veneno",-0.0397936662405153,0.0564300989801659,126.48691546268,-0.705185122118996,0.481991622675921,"Nav1.7","1","Var1",""
-60,"Control - Veneno",-0.0390418590232457,0.0563428231041075,126.48691546268,-0.692934021980156,0.489621298735489,"Nav1.7","1","Var1",""
-55,"Control - Veneno",-0.0157406820789593,0.0562804423463876,126.48691546268,-0.279682984403011,0.780177573336818,"Nav1.7","1","Var1",""
-50,"Control - Veneno",0.00926872455868665,0.0563492570782888,126.48691546268,0.164487076481047,0.869610288652203,"Nav1.7","1","Var1",""
-45,"Control - Veneno",0.0230554386537662,0.0564112379410958,126.48691546268,0.40870293748633,0.683448806704393,"Nav1.7","1","Var1",""
-40,"Control - Veneno",0.0318038138880666,0.0563492570782872,126.48691546268,0.564405203140138,0.573477896199812,"Nav1.7","1","Var1",""
-35,"Control - Veneno",0.0376297152643603,0.0562804423463886,126.48691546268,0.668610865436365,0.50496211847493,"Nav1.7","1","Var1",""
-30,"Control - Veneno",0.062216351927441,0.0563428231041071,126.48691546268,1.10424626420442,0.271582556571428,"Nav1.7","1","Var1",""
-25,"Control - Veneno",0.143073362647517,0.0564300989801655,126.48691546268,2.53540867787253,0.0124499017160164,"Nav1.7","1","Var1","*"
-20,"Control - Veneno",0.260135847907257,0.0563640162601185,126.48691546268,4.61528232315342,9.49934925497759e-06,"Nav1.7","1","Var1","***"
-15,"Control - Veneno",0.324455613448086,0.0562624218267728,126.48691546268,5.76682629210412,5.85305622844795e-08,"Nav1.7","1","Var1","***"
-10,"Control - Veneno",0.277629696816413,0.0565114435458004,126.48691546268,4.91280490103576,2.7214200635461e-06,"Nav1.7","1","Var1","***"
-5,"Control - Veneno",0.162827004336514,0.0569873105953055,126.48691546268,2.85725019544837,0.00499794039684057,"Nav1.7","1","Var1","**"
0,"Control - Veneno",0.0470854741228565,0.0623641518493342,126.48691546268,0.755008650428062,0.451647322019644,"Nav1.7","1","Var1",""
-90,"Control - Veneno",-0.0657853068872349,0.0425014683499295,132.684298160572,-1.5478360969932,0.124043654469566,"Nav1.7","1","Var2",""
-85,"Control - Veneno",-0.0258114021554746,0.033806346371732,132.684298160572,-0.763507593268269,0.446516202092012,"Nav1.7","1","Var2",""
-80,"Control - Veneno",0.00694862082336201,0.0333103673008203,132.684298160572,0.208602347749882,0.835078569460301,"Nav1.7","1","Var2",""
-75,"Control - Veneno",0.0261274707441899,0.0331674710208074,132.684298160572,0.787743832738982,0.432251553740444,"Nav1.7","1","Var2",""
-70,"Control - Veneno",0.027276805183585,0.0330267499420902,132.684298160572,0.8259003756474,0.41034317787744,"Nav1.7","1","Var2",""
-65,"Control - Veneno",0.0140204344101705,0.0329754211600451,132.684298160572,0.425178327279665,0.671395437986369,"Nav1.7","1","Var2",""
-60,"Control - Veneno",-0.00406999032172086,0.0329340023728623,132.684298160572,-0.123580191549222,0.901834684195052,"Nav1.7","1","Var2",""
-55,"Control - Veneno",-0.0171821688400759,0.0329132018882899,132.684298160572,-0.522044889415304,0.602509513104139,"Nav1.7","1","Var2",""
-50,"Control - Veneno",-0.0194116545515507,0.0329351493641989,132.684298160572,-0.589390208524497,0.556601769195515,"Nav1.7","1","Var2",""
-45,"Control - Veneno",-0.0176693689882893,0.0329548565349474,132.684298160572,-0.536168894243298,0.59273956744738,"Nav1.7","1","Var2",""
-40,"Control - Veneno",-0.0234994813503863,0.0329351493641982,132.684298160572,-0.713507659872076,0.476784801382909,"Nav1.7","1","Var2",""
-35,"Control - Veneno",-0.0380101116045998,0.0329132018882904,132.684298160572,-1.15485912715538,0.250223735561665,"Nav1.7","1","Var2",""
-30,"Control - Veneno",-0.0537013074337729,0.0329340023728622,132.684298160572,-1.63057337598369,0.105351918751062,"Nav1.7","1","Var2",""
-25,"Control - Veneno",-0.0577241392063587,0.032975421160045,132.684298160572,-1.75052015033248,0.0823399543760011,"Nav1.7","1","Var2",""
-20,"Control - Veneno",-0.0447009963868858,0.0330267499420903,132.684298160572,-1.35347851257739,0.178204074093138,"Nav1.7","1","Var2",""
-15,"Control - Veneno",-0.0275359900955675,0.0331674710208066,132.684298160572,-0.830210722978959,0.407910943461246,"Nav1.7","1","Var2",""
-10,"Control - Veneno",-0.0177051981738046,0.0333103673008196,132.684298160572,-0.531522153866161,0.595945728638578,"Nav1.7","1","Var2",""
-5,"Control - Veneno",-0.0156486693651487,0.0338063463717333,132.684298160572,-0.462891469935157,0.644200448122831,"Nav1.7","1","Var2",""
0,"Control - Veneno",-0.0195997548804503,0.0425014683499303,132.684298160572,-0.461154770444124,0.645442618533888,"Nav1.7","1","Var2",""
-90,"Control - Veneno",0.000954491213247055,0.0746125341026781,472.577529372973,0.0127926389945895,0.989798627926055,"Nav1.7","2","Corriente",""
-85,"Control - Veneno",0.0187768036731557,0.0579040112417905,472.577529372973,0.324274661987564,0.745873578468435,"Nav1.7","2","Corriente",""
-80,"Control - Veneno",0.0146067760826215,0.0606586944580686,472.577529372973,0.240802678216537,0.809812486479873,"Nav1.7","2","Corriente",""
-75,"Control - Veneno",-0.00065972736177175,0.0575697331142311,472.577529372973,-0.0114596216811133,0.990861580956166,"Nav1.7","2","Corriente",""
-70,"Control - Veneno",0.00268505121674882,0.0593568936707725,472.577529372973,0.0452357098004768,0.963938539122525,"Nav1.7","2","Corriente",""
-65,"Control - Veneno",0.0247046116356955,0.0581141870381684,472.577529372973,0.425104658514278,0.670953878224689,"Nav1.7","2","Corriente",""
-60,"Control - Veneno",0.0305180947505811,0.0588091592901522,472.577529372973,0.518934382312985,0.60404941859638,"Nav1.7","2","Corriente",""
-55,"Control - Veneno",0.00427482261963042,0.058566513910953,472.577529372973,0.0729909010143585,0.941844240524012,"Nav1.7","2","Corriente",""
-50,"Control - Veneno",-0.0176765840608475,0.0584131253454219,472.577529372973,-0.302613221879814,0.76231778657802,"Nav1.7","2","Corriente",""
-45,"Control - Veneno",0.00504172763788732,0.0588608706661246,472.577529372973,0.0856549959392448,0.931776955130212,"Nav1.7","2","Corriente",""
-40,"Control - Veneno",0.0445157279664483,0.0582080204975028,472.577529372973,0.764769658647954,0.444790435432314,"Nav1.7","2","Corriente",""
-35,"Control - Veneno",0.0142897324998377,0.058955376893612,472.577529372973,0.242382175346351,0.808589198056209,"Nav1.7","2","Corriente",""
-30,"Control - Veneno",-0.132567941886461,0.0582101737518483,472.577529372973,-2.27740158364073,0.0232082058199546,"Nav1.7","2","Corriente","*"
-25,"Control - Veneno",-0.332052568799066,0.0588591720274482,472.577529372973,-5.64147536163468,2.90797749289921e-08,"Nav1.7","2","Corriente","***"
-20,"Control - Veneno",-0.456686868714712,0.0583813786447879,472.577529372973,-7.82247489380731,3.41237654528476e-14,"Nav1.7","2","Corriente","***"
-15,"Control - Veneno",-0.431878012434527,0.0586344317462779,472.577529372973,-7.36560412665622,7.91241560264478e-13,"Nav1.7","2","Corriente","***"
-10,"Control - Veneno",-0.291762867546179,0.0586344317444123,472.577529372973,-4.97596478495732,9.10824238431382e-07,"Nav1.7","2","Corriente","***"
-5,"Control - Veneno",-0.124695157960462,0.0583813786444406,472.577529372973,-2.13587210264238,0.0332031375207203,"Nav1.7","2","Corriente","*"
0,"Control - Veneno",0.0130189948486897,0.0588591720263139,472.577529372973,0.221188888672599,0.825040897513864,"Nav1.7","2","Corriente",""
5,"Control - Veneno",0.119046570629082,0.0582101737519869,472.577529372973,2.04511622205935,0.041396728645432,"Nav1.7","2","Corriente","*"
10,"Control - Veneno",0.202841654688022,0.0589553768950552,472.577529372973,3.44059635220542,0.000631914049779192,"Nav1.7","2","Corriente","***"
15,"Control - Veneno",0.252765993672047,0.0582080204976409,472.577529372973,4.34245987943004,1.72512300719699e-05,"Nav1.7","2","Corriente","***"
20,"Control - Veneno",0.252381745651268,0.0588608706673256,472.577529372973,4.28776779531004,2.18902742963168e-05,"Nav1.7","2","Corriente","***"
25,"Control - Veneno",0.210948061032924,0.0584131253439575,472.577529372973,3.61131269369316,0.00033724532342078,"Nav1.7","2","Corriente","***"
30,"Control - Veneno",0.160828919583756,0.0585665139109081,472.577529372973,2.74609002387287,0.00626110918226621,"Nav1.7","2","Corriente","**"
35,"Control - Veneno",0.12693246844525,0.0588091592883074,472.577529372973,2.15837923856339,0.0314012589386608,"Nav1.7","2","Corriente","*"
40,"Control - Veneno",0.109002095515936,0.0581141870386627,472.577529372973,1.8756537959211,0.0613191009292762,"Nav1.7","2","Corriente",""
45,"Control - Veneno",0.094151604650492,0.0593568936724022,472.577529372973,1.58619494426588,0.113363955699473,"Nav1.7","2","Corriente",""
50,"Control - Veneno",0.0773028015128836,0.0575697331143995,472.577529372973,1.34276810627681,0.179991655543046,"Nav1.7","2","Corriente",""
55,"Control - Veneno",0.0644576580041109,0.0606586944591434,472.577529372973,1.0626285082269,0.288493158771008,"Nav1.7","2","Corriente",""
60,"Control - Veneno",0.0612658967113757,0.057904011240456,472.577529372973,1.05805963004806,0.29056878351735,"Nav1.7","2","Corriente",""
65,"Control - Veneno",0.065306818899342,0.0746125341023878,472.577529372973,0.875279464569908,0.381866501051205,"Nav1.7","2","Corriente",""
-90,"Control - Veneno",-0.0111026611723275,0.0404774485146824,270.020427571938,-0.274292515455866,0.784069560850329,"Nav1.7","2","Var1",""
-85,"Control - Veneno",-0.00926110258047349,0.0347653662437581,270.020427571938,-0.266388753552575,0.790143132328038,"Nav1.7","2","Var1",""
-80,"Control - Veneno",-0.00826606121281591,0.0335320898095171,270.020427571938,-0.246511960923767,0.805473245410222,"Nav1.7","2","Var1",""
-75,"Control - Veneno",-0.0113160120655471,0.03321609590509,270.020427571938,-0.340678570349776,0.733610479590603,"Nav1.7","2","Var1",""
-70,"Control - Veneno",-0.0119511252039755,0.0335179082896462,270.020427571938,-0.35655939805967,0.721700136388797,"Nav1.7","2","Var1",""
-65,"Control - Veneno",-0.0114376396967068,0.0336743213001914,270.020427571938,-0.339654646481078,0.734380657640282,"Nav1.7","2","Var1",""
-60,"Control - Veneno",-0.0123196821158966,0.0334761103564398,270.020427571938,-0.368014144556274,0.713151008019381,"Nav1.7","2","Var1",""
-55,"Control - Veneno",-0.0094689171826262,0.033332818485173,270.020427571938,-0.284071903095687,0.776572988150782,"Nav1.7","2","Var1",""
-50,"Control - Veneno",-0.00956897150320667,0.0334901249731265,270.020427571938,-0.285725165578961,0.775307692865114,"Nav1.7","2","Var1",""
-45,"Control - Veneno",-0.013351435586614,0.0336316803821714,270.020427571938,-0.39698984513696,0.691688544337784,"Nav1.7","2","Var1",""
-40,"Control - Veneno",-0.0197308449218958,0.0334901249731225,270.020427571938,-0.589154114466005,0.556250465693657,"Nav1.7","2","Var1",""
-35,"Control - Veneno",-0.0290205834439431,0.0333328184851754,270.020427571938,-0.870630950600528,0.384729040981666,"Nav1.7","2","Var1",""
-30,"Control - Veneno",0.0023822131877346,0.03347611035644,270.020427571938,0.0711615884393307,0.94332182879536,"Nav1.7","2","Var1",""
-25,"Control - Veneno",0.0881412634701594,0.0336743213001888,270.020427571938,2.61746221057958,0.00935825400221714,"Nav1.7","2","Var1","**"
-20,"Control - Veneno",0.141331528382421,0.0335179082896489,270.020427571938,4.21659750247801,3.38721485282843e-05,"Nav1.7","2","Var1","***"
-15,"Control - Veneno",0.117380583240178,0.0332160959050877,270.020427571938,3.53384646936183,0.000481650256613152,"Nav1.7","2","Var1","***"
-10,"Control - Veneno",0.0782127579464602,0.033532089809513,270.020427571938,2.3324749036152,0.0204108532823496,"Nav1.7","2","Var1","*"
-5,"Control - Veneno",0.057934493943137,0.0347653662437671,270.020427571938,1.66644279070478,0.0967847774024812,"Nav1.7","2","Var1",""
0,"Control - Veneno",0.0362621082579954,0.0404774485146847,270.020427571938,0.89585953632527,0.371125724002936,"Nav1.7","2","Var1",""
-90,"Control - Veneno",-0.00535819972791974,0.0361291823062559,272.838567485307,-0.148306697962327,0.882210277664613,"Nav1.7","2","Var2",""
-85,"Control - Veneno",0.00747121294034467,0.03305970274689,272.838567485307,0.225991534090472,0.821377205226387,"Nav1.7","2","Var2",""
-80,"Control - Veneno",0.0221974911264457,0.032958389194174,272.838567485307,0.673500485587127,0.501199058768896,"Nav1.7","2","Var2",""
-75,"Control - Veneno",0.0301650166828664,0.0328314688742222,272.838567485307,0.918783646215434,0.359020277938395,"Nav1.7","2","Var2",""
-70,"Control - Veneno",0.0240275529397369,0.0328373153387221,272.838567485307,0.731714900925636,0.464970607102975,"Nav1.7","2","Var2",""
-65,"Control - Veneno",0.00785644677178807,0.0328535419297666,272.838567485307,0.239135457253996,0.81118008095405,"Nav1.7","2","Var2",""
-60,"Control - Veneno",-0.00684607705690857,0.0328284606863131,272.838567485307,-0.20854090974064,0.834962241265659,"Nav1.7","2","Var2",""
-55,"Control - Veneno",-0.0130523733806453,0.0328106884782554,272.838567485307,-0.397808579643049,0.691082363936605,"Nav1.7","2","Var2",""
-50,"Control - Veneno",-0.0169144746588206,0.0328303241079556,272.838567485307,-0.515208884420419,0.606824227596173,"Nav1.7","2","Var2",""
-45,"Control - Veneno",-0.027469251847558,0.0328479948561994,272.838567485307,-0.836253535955902,0.403744072824099,"Nav1.7","2","Var2",""
-40,"Control - Veneno",-0.0470444845414647,0.032830324107955,272.838567485307,-1.4329582731736,0.153014583857981,"Nav1.7","2","Var2",""
-35,"Control - Veneno",-0.0752141902943883,0.0328106884782557,272.838567485307,-2.29236854765282,0.0226457857021355,"Nav1.7","2","Var2","*"
-30,"Control - Veneno",-0.103794770009732,0.0328284606863132,272.838567485307,-3.161731249038,0.00174526588918107,"Nav1.7","2","Var2","**"
-25,"Control - Veneno",-0.117562999973194,0.0328535419297663,272.838567485307,-3.5783965158009,0.000408983130690872,"Nav1.7","2","Var2","***"
-20,"Control - Veneno",-0.1147382428946,0.0328373153387224,272.838567485307,-3.49414200616147,0.000554760957669962,"Nav1.7","2","Var2","***"
-15,"Control - Veneno",-0.109272413434002,0.0328314688742219,272.838567485307,-3.32828280856478,0.000994014705982172,"Nav1.7","2","Var2","***"
-10,"Control - Veneno",-0.110449261660927,0.0329583891941737,272.838567485307,-3.35117292930238,0.000918372528978318,"Nav1.7","2","Var2","***"
-5,"Control - Veneno",-0.116396089083005,0.0330597027468913,272.838567485307,-3.52078450233344,0.00050409221633182,"Nav1.7","2","Var2","***"
0,"Control - Veneno",-0.123255118444494,0.0361291823062567,272.838567485307,-3.41151143138794,0.000743900148466928,"Nav1.7","2","Var2","***"
